ESTACIONES;LONEST;LATEST;ELEEST;ENERO;FEBRERO;MARZO;ABRIL;MAYO;JUNIO;JULIO;AGOSTO;SEPTIEMBRE;OCTUBRE;NOVIEMBRE;DICIEMBRE;PRONO1;PRONO2;PRONO3
BUENAVISTA;-78.2;-9.434;216;0;0;69.4;0;0;0;0;0;0;0;0;1.9;0;0;0
ALCANTARILLA;-77.55;-11.05;120;0;0.5;1.3;0;;0.2;0.2;1.5;0.6;0;0;0.1;0;0;0
CAMAY;-77.649;-10.913;59;0.1;0;0.1;0.6;;0.9;0.8;1.6;1.3;0.9;0;;0.02;0.02;0.01
LOMASDELACHAY;-77.367;-11.367;300;0.9;1.2;7.3;10.3;16.8;24.4;25.6;37.4;41.8;5.6;9.1;;0.72;0.41;0.38
HUAYAN;-77.117;-11.45;350;5.3;1.3;9.9;2.1;2.8;6.1;4;6.2;4.8;0.1;1.3;0;0;0;0
NANA;-76.839;-11.989;523;4.4;0.4;5.8;0;2.8;1.9;1.5;0;1.7;1.6;1.4;0;0;0;0
FONAGRO;-76.136;-13.474;60;6.3;0.2;0.4;0.3;0.5;2.3;0.5;1.5;3.7;1.5;1.6;0.5;0.49;0.35;0.16
HACIENDABERNALES;-75.966;-13.763;294;4.7;0;0.2;0;0.2;0.2;0;0.3;0.2;0;0;0;0;0;0
RIOGRANDE;-75.22;-14.542;317;34.5;0.9;3.4;0.1;0;0.3;0.2;0;0;0;0;0.1;0;0;0
SANCAMILO;-75.729;-14.068;398;36.5;1.3;9.6;0;0.8;0.7;0.4;0;0.1;0.1;0.1;0.1;0;0;0
COPARA;-74.915;-14.983;600;8.3;0.1;1.5;0;0;0;0;0;0;0;0;0.1;0;0;0
OCUCAJE;-75.681;-14.383;313;11;0.2;0.2;0;0.1;0.4;0;0;0;0.2;0;0;0.31;0.02;0.38
PUNTAATICO;-73.694;-16.229;20;0.4;0;0;0;0.5;0.7;0.3;0.4;0.7;0.4;0;;5.06;4.08;5.77
PAMPABLANCA;-71.723;-17.069;100;2.3;0;0.1;0.1;0.5;0.6;0.8;0;0.9;0;0;;0.01;0.17;1.85
ILO;-71.288;-17.627;75;0;0;0;0;0;0;3;0;0;0;0;0;0;0;1.59
SAMAGRANDE;-70.488;-17.784;534;0;0;0;0;0;2;10.8;0.7;15.7;1.1;5.8;0;0.04;0;0.96
JORGEBASADRE;-70.251;-18.027;545;0.2;2;0;0;0.6;5.3;10;2.7;11.1;1.5;7.2;0.2;0;0;0.09
PUNTACOLES;-71.374;-17.699;25;0.5;0;0;0;0.1;0.3;16;0;0.9;0.1;0.2;0;0.12;0.11;1.41
PUERTOPIZARRO;-80.457;-3.508;7;249.6;251.8;250.2;63;32.4;0;0.2;0;0;0.8;0;0;30.8;26.59;21.85
PAPAYAL;-80.237;-3.576;45;155.8;86.9;298.2;137.7;61.5;0.8;0;0.6;0.3;0.3;0;6.6;1.71;1.21;2.2
CANAVERAL;-80.661;-3.949;159;152.8;230;370.2;131.6;36.9;0.7;0;0;0;0;0;0;0.1;0;0
MIRAFLORES;-80.627;-5.169;30;89.5;198.4;524.1;7.1;3.5;;0.2;0;0;1.8;0;0.2;3.86;4.42;2.7
MALLARES;-80.746;-4.864;29;20.2;167.3;450.2;11;5.6;0;0.5;0;0;0.5;0.5;0;3.91;4.69;2.46
LAESPERANZA;-81.068;-4.932;6;13;122.5;195.9;0.9;3.8;0;0;0;0;0.2;0.21;0.2;4.93;5.41;2.26
CHUSIS;-80.847;-5.525;6;20.9;24.7;612.6;0;1.5;0;0;0;0;0;0;0.2;12.71;14.45;9.18
MORROPON;-79.984;-5.184;109;205.8;680.7;900;82.2;11.7;0.5;0;0.2;0;8.7;0.1;4;0;0;5.42
SANMIGUEL;-80.682;-5.304;20;97.4;86.3;503.5;1.7;2.9;0;0;0;0;0.1;0;0.1;5.79;5.97;3.68
CHULUCANAS;-80.169;-5.102;87;;;1151.4;87.3;16.2;0.1;0;1.5;0;4.7;0.3;0;0;0;4.63
LAMBAYEQUE;-79.921;-6.704;12;2.2;69.5;124.6;0;1;0.3;0;0;5.4;0.3;0;0.3;14.98;16.14;14.15
CAYALTI;-79.559;-6.898;70;6.3;135;207.5;0.8;2.1;0.1;0;3.7;0.2;0.7;0.3;6.4;0.74;0.33;1.61
TALLA;-79.423;-7.271;105;18.3;25.3;150;0;0.4;0;0;0;0;3.2;0;3.3;0;0;0
REQUE;-79.847;-6.898;15;1.4;66.6;61.2;2.2;0.4;0;0;0.1;0;0.5;0;0.1;44.84;48.03;48.15
JAYANCA;-79.779;-6.322;65;35.4;326.1;734.5;11.6;18;0;0;0;0;4.6;0;0;2.07;2.57;0.87
SANPEDRO;-80.034;-5.085;309;158.2;793.1;922.2;;52.1;;;2.1;0;5.2;1.2;0;0;0;19.91
ELTIGRE;-80.45;-3.767;61;142.1;224.6;311.4;;111.4;3.5;0.5;2.3;1.3;2.2;0.1;0.5;0;0;0.03
BERNAL;-80.763;-5.491;7;47.6;116.7;430.1;5.8;1.3;0;0;0.1;0;0;0;0;10.24;10.63;8.09
LANCONES;-80.491;-4.576;123;50.6;348.9;565.5;27.7;19.6;;0;0;0;4.9;0;0;0.2;0;0
MAZAN;-73.08;-3.485;95;;;332.7;230.5;347.2;208.1;88.7;131.7;146.3;255.4;327.8;185.8;36.88;12.38;77.74
PUERTOALMENDRA;-73.284;-3.767;109;586.3;102.2;341.5;210.1;233.3;132.8;49.2;122.9;191.9;243;289.9;160.6;26.23;16.03;88.81
TAMSHIYACU;-73.161;-4.003;94;416;214.1;394.8;283.6;309.2;191.1;76;200.8;180.4;231.4;390.3;232.3;33.55;17.52;69.6
SANROQUE;-73.25;-3.75;95;;128.2;447.7;197.58;302.2;189.2;57.1;165.4;101.3;367.9;275.2;137.1;26.23;16.03;88.81
SAPOSOA;-76.779;-6.915;312;205.6;217.4;160.9;105.2;152.6;69.8;44;115.8;113.1;103;264;;5.79;11.13;88.93
NARANJILLO;-77.39;-5.83;900;;258.5;269.5;128.2;120.1;208.2;10.5;93.3;96.6;173.1;228.8;;19.41;11.03;109.64
JAEN;-78.779;-5.678;632;99.9;34.9;194.6;97;74.7;58.9;23.1;34.5;10.2;77.7;37.2;94.4;7.9;5.51;42.99
BAGUACHICA;-78.542;-5.661;410;73.1;52.6;195.3;89.1;74.2;86.5;28.6;41.3;28.4;34.6;25;68;0.15;0.64;8.22
CHIRINOS;-78.915;-5.305;1528;105.1;130.2;282;245.3;103;92;52.4;69.1;35.2;48.4;90.4;143.3;21.4;10.63;110.91
SANRAMON;-76.085;-5.949;131;340.7;279.8;213.2;297.9;255.4;139.8;31.6;30;112.4;142.7;337.1;;18.51;5.49;118.48
NAUTA;-73.6;-4.519;112;;;411.2;166.9;131;197.2;48.5;209.1;213.1;225.6;200.1;193;37.61;13.86;73.61
REQUENA;-73.836;-5.043;117;;;452.4;171.1;185.9;202.7;100.6;116.6;213;111.3;211.1;199.6;41.91;13.04;78.81
GENAROHERRERA;-73.65;-4.9;124;277.5;147.9;510.4;150.1;160.8;206.8;100.4;203;174.7;141.1;331.7;276.1;42.31;16.52;68.97
ELPORVENIR;-76.322;-6.593;202;158.7;135.2;109.7;70.7;79.2;71.1;31.5;78.5;75.7;31.3;92.6;;14.76;8.81;98.55
TABALOSOS;-76.61;-6.406;341;271.5;220.1;212.1;158.4;186.5;100.1;103;182;226.2;112;211.7;;16.48;12.84;136.47
RIOJA;-77.167;-6.047;817;187.3;305.2;178.3;100;150.7;136.5;28;100.7;98.1;119.4;154.4;;36.75;16.7;124.34
MOYOBAMBA;-76.967;-6;842;171.1;241.1;104.7;41.5;138.9;196.9;19.4;95.6;105.9;114;149.4;;12.77;6.48;114.78
LAMAS;-76.525;-6.424;747;230.4;177.6;250.4;111.1;165.2;92.5;59.7;94.6;131.2;114.3;194.9;;15.8;5.21;123.63
SAUCE;-76.203;-6.694;600;170.5;98.7;203.8;129.3;111.3;50.3;63.9;136.9;190.2;83.9;112.4;;28.52;9.23;85.59
NAVARRO;-75.779;-6.356;145;538.6;323.8;204.8;140.8;218.5;153.9;26.7;60.4;316.3;134.3;198.6;;27.5;6.17;114.89
CONTAMANA;-75.006;-7.353;150;309;182;136.4;64.8;205.1;113.1;37.1;107.3;60.8;152.5;47.8;128.9;17.68;11.72;50.91
TANANTA;-76.596;-8.11;450;354.9;403.3;285.6;124.5;212.3;40.5;59.9;147.8;177.2;183.6;373.8;277.5;12.15;39.15;133.67
ELMARONAL;-75.085;-8.474;180;466.4;212.2;280.9;140.3;110.5;10.8;33.3;26.6;147.2;146.3;211.5;175.3;12.7;12.87;51.27
AGUAYTIA;-75.508;-9.034;270;650.8;535.3;580;442.6;356.4;246.2;143.9;123.6;134.1;478.1;829.5;268.2;8.45;5.28;108.33
TINGOMARIA;-76;-9.288;645;385.1;420.4;427.7;204.8;281.8;154.8;25.8;143.5;215.1;319.7;675.4;354.2;3.82;36.06;88.08
TULUMAYO;-75.9;-9.1;1000;427.7;377.8;239.6;238.4;208;197;50.1;112;175.4;218.6;342.9;372.2;16.37;44.55;171.12
CAMPANILLA;-76.67;-7.442;290;233.4;126;156.1;297.2;139.1;58.2;86.6;143.8;98.6;159.5;339.2;;5.81;11.01;85.9
ALAO;-76.73;-6.519;407;145.2;221.4;235.7;55.6;171.7;74.8;60.6;67.1;169.2;167;199.2;;7.85;10.22;130.96
PONGODECAYNARACHI;-76.3;-6.334;240;402.3;445.6;244.1;454.1;443;236.1;77.4;98.6;142.8;134.2;515.9;;19.06;6.55;135.18
MANITI;-72.867;-3.534;88;476;165;463.5;213;303;252.5;93.5;183;210;241;295;233;18.97;10.93;115.45
TIMICURILLO;-73.084;-3.517;98;401;161.9;315.1;182.1;429.2;195.8;80;167.3;278;363.1;333.6;136.2;36.88;12.38;77.74
BELLAVISTA;-73.084;-3.484;92;341.6;197.8;371.8;177;364.4;184.3;67.8;157.4;156;288.3;284.2;198;36.88;12.38;77.74
PUNCHANA;-73.267;-3.75;87;;;;;351.7;244.2;80.4;138.8;123;419.1;339.6;103.6;26.23;16.03;88.81
SANTAROSA;-69.956;-4.25;100;521.8;279.6;378.4;293.6;138.4;72.3;93.9;140;342.8;171.1;238.7;230.2;36.56;22.88;68.22
FRANCISCOORELLANA;-72.767;-3.424;83;405.9;178.9;319.3;392.8;324.2;273.8;104.8;165;158.7;246.5;209.4;372.8;18.97;10.93;115.45
JAMALCA;-78.238;-5.894;1189;126.4;75;368.5;148.7;82.8;89.6;12.2;63.7;25.7;114.5;51.8;56.7;0.99;0.49;25.04
SANTARITADECASTILLA;-74.367;-4.6;100;268.2;135.6;339.8;225.6;168.6;283.8;81.6;253;159.8;203.6;350;367.5;55.44;13.12;94.22
BRETANA;-74.35;-5.25;109;406.2;240.4;402.1;284.8;;154.8;97.3;140.2;281.2;135.9;203.4;170;42.38;14.29;99.86
TAMANCO;-74.284;-5.784;126;395.5;178;278.4;200.1;178.4;156.2;62.1;172.3;134;212.6;276.2;280.2;44.02;15.29;76.85
FLORDEPUNGA;-74.317;-5.384;112;299;227;307.6;181.3;308.2;271.9;50.6;181.9;207;172.7;161.8;343.7;49.67;15.7;79.83
SANTAMARIADENANAY;-73.696;-3.89;120;628.5;217.6;229.1;287.3;414.5;295.5;60.5;252.8;195.4;350.9;271.1;352.7;34.2;13.98;98.04
DOSDEMAYO;-76.407;-7.407;307;204.4;128.5;165.3;108.9;111.5;141.6;67.7;52.1;119.4;106.4;170.7;;38.44;28;161.94
SORITOR;-77.084;-6.135;890;209.7;229.2;305.7;;173.8;206;28.2;120;155.2;190;190;;29.25;8.04;153.35
JEPELACIO;-76.915;-6.101;1192;164.4;225.7;174.8;66.3;150.4;132.2;19.6;100.2;123;84.4;70.6;;11.92;4.69;86.67
SANPABLO;-76.576;-6.813;274;94.3;207.9;182.9;60;230.5;29.6;51.2;83;153.9;98.1;147.7;;6.18;10.21;86.99
CUNUMBUQUE;-76.508;-6.508;400;159.1;139.5;141;94.3;129;75.9;27.4;67.2;110.2;37.2;127.1;;9.28;7.12;100.47
NUEVOLIMA;-76.474;-7.118;200;132.8;149.1;97.6;68.5;75.3;27.9;35.4;77.7;127.5;84.3;183.5;;5.95;10.23;76.24
PICOTA;-76.339;-6.949;200;126.7;137.1;63;64.3;54.4;70.1;67;52.1;84.5;58.2;111.5;;5.87;2.85;68.35
SANANTONIO;-76.424;-6.424;578;241.4;133;307.9;175.3;218.6;81.8;59.6;119.3;150.8;109.8;233.5;;15.8;5.21;123.63
SHANUSI;-76.254;-6.068;147;393.6;293.4;296.2;320.4;308.9;145.3;54.1;112.9;130.1;269.6;555.9;;23.25;7.76;122.87
PILLUANA;-76.281;-6.779;200;165.7;116.5;201.4;106.8;103.6;33.6;47.1;64.6;87.6;57;79.5;;8.79;4.68;79.48
CHAZUTA;-76.098;-6.569;170;349.2;230.4;186.6;149.7;117.5;61.8;27.6;104.3;126.1;102.4;194.9;;32.31;11.72;129.63
PUCALLPA;-75.847;-6.458;160;367.9;544.9;266.3;324;275.5;158.8;25.2;150.8;187.2;246.2;482.5;;35.58;13.23;154.6
PELEJO;-75.79;-6.216;145;315.4;234.6;222.7;239;176.8;178;61.8;87.6;218.1;80.5;283.6;;24.79;8.58;84
HUANUCO;-76.237;-9.966;2090;72.1;70.9;74;23.7;12.3;4;4.8;5.1;15.9;32.3;49.4;118.7;0.48;6.54;14.63
RECUAY;-77.454;-9.729;3444;117.5;191.2;292.8;177.9;;4.4;0;3.9;33.1;82.7;47.5;116.7;1.25;6.28;32.42
POMABAMBA;-77.467;-8.784;3605;141.3;183.8;221.5;126.1;;40.4;5;18.5;35.6;71.9;76.1;218.8;0.47;10.08;101.33
CHAVIN;-77.176;-9.586;3137;132.3;88.2;156.9;98.8;;10.4;0.9;8;16.1;54.7;65.1;55.8;9.71;14.52;128.2
JACASCHICO;-76.5;-9.884;3673;241.3;162.4;215;106.5;65.8;13.8;12.9;22.8;31.6;50.3;95.5;149.2;13.88;30.14;238.54
CANCHAN;-76.288;-9.949;2550;66.2;74.6;77.5;22.8;17.6;0;3.9;5;10.7;25.7;54.1;135.3;0.82;12.57;62.2
YANAHUANCA;-76.508;-10.491;3190;232.4;128.8;275.1;114;70.9;16.5;0;20.2;119.2;74.8;110.9;141;2.41;32.58;59.82
SANTAANA;-75.221;-12.004;3302;160.5;143.4;109.4;90.9;14.2;0.2;0;3.8;55.8;68.7;75.7;236.8;12.37;17.56;48.1
JAUJA;-75.479;-11.783;3360;120.3;140.1;113.1;57.4;26;0.4;0;16.7;28.1;43.6;125.3;86.5;2.04;26.84;53.63
PAMPAS;-74.866;-12.393;3240;138.5;107;109.1;42.3;27.5;0;5.1;16.3;39.9;40.3;47.2;60.7;8.11;56.6;111.01
CHIQUIAN;-77.15;-10.15;3382;142.1;132.5;280.4;43.9;;0;0;0;18.2;35.7;0;58;0.4;11.27;34.2
CAJATAMBO;-76.984;-10.467;4040;191.5;218.5;295.3;77.8;41.5;1.6;0;0.1;5.3;45.6;14.2;41.5;0.9;11.38;43.32
OYON;-76.767;-10.667;3676;130;128.3;181.4;60.5;29;0.4;0;2.7;7.2;35.8;19.6;45.5;1.56;7.87;24.17
PICOY;-76.734;-10.917;3075;64.5;139.4;169.4;38;;0;0;0;0;47.5;7.4;;0;2.16;11.13
CANTA;-76.617;-11.467;2974;147.5;151.8;220.5;27.7;;0;0;0;0.8;28.1;5.5;24.3;2.84;0.91;24.3
MATUCANA;-76.378;-11.839;2431;125.9;106;155.9;26.8;1.7;0;0;0;2.1;8.4;9.5;15.8;4.09;0.15;35.65
MARCAPOMACOCHA;-76.325;-11.405;4479;241.9;195.1;204.1;128.4;103.4;3.8;3;14.3;67.9;110.7;80.2;;20.15;41.61;62.05
SANRAFAEL;-76.169;-10.322;3060;109.6;104.8;139.5;37;45.2;1.3;14;8.6;45.4;62.3;59.5;133;1.07;5.85;7.17
TARMA;-75.69;-11.397;3200;93.6;134.3;83.6;23.2;14.9;0.9;0.2;1.1;11.9;42.6;26.4;56.6;1.58;34.91;41.79
LAOROYA;-75.966;-11.576;4007;147.4;182.7;111;72.4;37.8;7.4;1.4;21.6;48.9;47.2;64.4;111;4.08;13.56;34.58
VIQUES;-75.234;-12.163;3186;183;137.6;82.9;38.8;9.6;0;0;3;52.5;37.6;47.7;65.4;5.71;23.69;39.34
ACOSTAMBO;-75.059;-12.366;3675;236.7;193.1;121.4;86.8;50.2;0.8;13.1;10.4;33.2;34.1;47.1;88.3;10.27;50.29;81.25
HUAROCHIRI;-76.234;-12.134;3182;246.9;252.6;300.3;38.5;5.8;0;0;0.7;1.8;12.2;12.2;11.8;0.54;0.04;16.24
HUAYAO;-75.339;-12.034;3360;191.4;162.2;89;63.5;29.9;6.5;3.8;6.9;51.9;53.1;49.5;83.3;9.2;23.48;34.88
PACARAN;-76.055;-12.862;721;64;2.5;29.1;0;;0;0;0;0;0;0;;0;0;0
PILCHACA;-75.085;-12.406;3650;244.9;138.4;130.7;62.6;35.2;4.2;4;17.9;50.4;27.5;41.2;151.7;10.27;50.29;81.25
LIRCAY;-74.729;-12.983;3513;222.8;187.9;157.1;92.2;63.3;5.7;15.6;9.7;57.2;66.6;41.1;84.1;15.59;61.84;151.96
ACOBAMBA;-74.559;-12.864;3356;200.6;163.1;139.5;67.4;58;9.4;4.8;4.9;45.8;43.8;23.2;67;4.94;59.72;102.44
LAQUINUA;-74.135;-13.034;3316;147.5;215.6;110.6;63.2;41;0.3;5.5;15.6;55.8;34.9;45.3;120.5;9.91;38.57;61.84
SALCABAMBA;-74.786;-12.199;3275;188.1;137.7;134;62.4;63.1;8.9;4.9;8.7;27.5;61.8;102.9;135;3.73;17.92;87.79
CHAMANA;-77.559;-10.208;1221;84;64.6;176;0;;0;0;0;0;1.4;0.6;1.9;0.01;0;14.77
MALVAS;-77.65;-9.934;3250;174.3;166.4;346.5;34.8;2.9;1;0;0;5.6;13.5;11;21;0;0;10.1
MAYORARCA;-77.417;-10.167;3200;183.4;279.9;465.3;82.9;43.9;3;0;0;13.9;29.6;16.7;35.3;2.65;0.12;37.26
PARIACOTO;-77.89;-9.56;1260;28.4;102.5;284;1.2;0;0;0;0;1.7;14;2;;0;0;0.11
CANCHACALLA;-76.532;-11.845;2487;257.4;246.9;321.3;0.2;0.3;0;0;0;0;4.2;;;0.23;0.01;1.38
CHOSICA;-76.69;-11.93;906;52.6;14.3;43.4;0;0;0;0;0;0;0;0;0;0;0;0
RIOBLANCO;-76.259;-11.735;3550;178.9;230.4;162.2;63;30.4;0.5;0;1.3;12.5;50.4;30.1;43.4;1.31;22.7;68.95
SANPEDRODEPILAS;-76.217;-12.45;2729;202.8;159;271;8.6;;0;0;0;0;0.1;0.8;0.9;0;0;0.07
SHEQUE;-76.499;-11.669;3630;171.9;148.1;164.4;26.4;6;0;0;1.5;7;24.3;16.2;;9.59;0.88;38.15
LANGA;-76.42;-12.133;2837;143.2;128.4;282.3;9.6;2.3;0;0;;0;1.5;3.8;1.9;0;0;0.09
HUACHOS;-75.542;-13.22;2598;325.2;314.3;432.3;82.2;24.2;0;0;2.2;4.8;27;20.4;19.8;1.86;0.04;9.13
CALLANCAS;-78.491;-7.779;2074;114.3;106.1;304.7;102.6;54.2;1.8;0;7.8;9.1;40.6;11.6;24.6;0;0;10.46
SANBENITO;-78.931;-7.408;1600;108;496.8;944.6;29.5;12.1;0;0;1.2;0.2;4.3;2.6;7.7;0;0;0.03
SINSICAP;-78.755;-7.85;2269;145.8;311;758.3;37;22.1;2;0;4;7.4;10.8;15.1;11;0;0;2.4
JULCAN;-78.491;-8.051;3460;172.2;179.1;429.1;195.3;110.4;15.5;1.5;9;12;101.4;22.7;68.7;0;0.02;15.81
QUIRUVILCA;-78.317;-8;3980;180.5;157.6;365.6;200.2;191.8;36.2;1.3;22.3;103.1;115.7;54.1;100.5;0.06;4.11;78.31
CACHICADAN;-78.153;-8.102;2890;140.8;171.5;452.5;145.3;84.3;4.9;0.1;12.2;54.6;104.5;29;159.3;0;0.01;28.12
MOLLEPATA;-77.956;-8.195;2580;79.5;126.2;257.2;56.9;;1;0;1.5;9.1;59.1;25.5;55;0;0.88;76.98
SIHUAS;-77.65;-8.567;3375;168.5;133.7;270.2;191.1;;24.6;0;5.8;68.2;80.3;141;186.9;0.01;6.61;70.81
YANTAC;-76.4;-11.334;4684;288.1;180.4;200.3;133.4;138;8.4;3.2;37.2;79.1;121.6;102;93.6;20.78;36.4;73.31
PACCHO;-76.934;-10.95;3110;205.3;303.5;388.1;60.9;3.8;0;0;;2.9;22.5;9.9;;1.15;0.09;17.34
ANDAJES;-76.9;-10.784;2725;123.7;140;190.4;9;;0;0;0;9.5;27.5;9;;1;1.52;36.9
PALLAC;-76.8;-11.35;2570;198.9;158.3;239.5;26;0;0;0;;0;1.9;2;;0;0.06;6.91
PARQUIN;-76.717;-10.967;3590;190.1;195.5;269.6;53.8;;0;0;0;8.1;84.7;23.2;69.6;0.52;9.32;24.09
SANTAEULALIA;-76.667;-11.918;945;64.4;8.2;52.1;0;0;0;0;0;0;0;0;0;0;0;0
PIRCA;-76.65;-11.234;3300;148.4;140.4;178.9;45.6;10.6;0;0;;7.1;37;11.8;29.6;6.57;5.54;33.26
LACHAQUI;-76.617;-11.55;3895;192;177.9;276.1;30.7;3.8;0;0;0;5.2;17.9;7.8;7.1;0.27;0.03;6.86
HUAROS;-76.567;-11.4;3741;189.1;170.3;227.2;15.9;9.7;1.9;0;0.2;15.5;33.9;16;25.7;2.84;0.91;24.3
CARAMPOMA;-76.516;-11.655;3426;189.1;154.3;197.4;38.5;9;0;0;0;9.9;42;17.5;18.2;9.59;0.88;38.15
SANTIAGODETUNA;-76.517;-11.984;3230;279.4;232.4;310.2;0;0;0;0;0;0;0;3;;0;0;0.09
RICRAN;-75.525;-11.542;3687;183;163.8;177.1;68.9;46.7;0.7;1.5;1.2;14;59;70.1;109.2;14.02;89.12;114.92
INGENIO;-75.288;-11.881;3422;188.7;114.2;119;63.8;21.1;2.5;8.3;2.5;42.5;54.8;95.8;97.1;9.95;21.27;42.96
CASAPALCA;-76.234;-11.648;4100;220.3;174.4;134.4;74.6;38.6;1.6;1;14;40.1;70.6;32.3;83;7.51;32.47;73.01
MILLOC;-76.35;-11.572;4361;215.4;216.4;223.4;108.2;29.5;2.9;0;0;40.9;59.1;32.6;113.9;9.45;23.98;86.19
SANLAZARODEESCOMARCA;-76.35;-12.184;3840;226.9;165.5;298.3;18.5;;0;0;0;5.9;8.1;5.6;;0;0;5.73
HUANGASCAR;-75.834;-12.899;2533;210.8;135.6;282.1;0;0;0;0;0;0;3.2;0;0;0.01;0.02;2.87
SANJUANDEYANAC;-75.796;-13.22;2540;167.6;71;148.7;4.5;0.7;0;0;0;0.3;4.5;0.9;2.4;0.14;0;0.5
SANJUANDECASTROVIRREYNA;-75.644;-13.203;2398;179.4;77.5;130.1;1;1;0;0;0.1;1.2;3.8;1.8;4.6;0.08;0;2.68
HUANCALPI;-75.237;-12.542;4450;297.1;141.9;171.1;132.8;69;7.2;0;2;56.8;75.7;50.7;126.8;18.42;43.11;99.14
AYABACA;-79.729;-4.644;2830;144.4;297.5;561.3;267.5;222;10.6;0;16.7;0;115.4;14.4;71.5;0;0;37.11
HUANCABAMBA;-79.55;-5.25;3177;69.6;71.5;237.2;70;37.7;14;0;6.7;4.2;32.9;14.61;30.1;0.37;0.08;68.94
HUARMACA;-79.52;-5.565;2244;219.8;409.3;757;193.4;156.9;11.7;0.6;10.2;13.7;15.7;5.96;33.7;0;0;49.7
CHONTALI;-79.085;-5.644;1652;148;132.5;343.7;218.7;153.8;90.8;35.6;51;45.1;98.4;44.2;55.6;31.73;23.66;105.47
AUGUSTOWEBERBAUER;-78.485;-7.167;2660;77.7;72.6;138.9;81.5;46;11.2;2.5;21.1;21.7;65.3;63.4;143.8;0;0.75;48.73
NIEPOS;-79.129;-6.925;2424;186.8;269.4;661.3;126.9;77.2;32.7;0;74.6;56.4;72.8;8.9;26.6;0;0;7.67
INCAHUASI;-79.339;-6.237;2650;94.1;172;425.4;102.1;127.6;5.2;0;36.8;22.6;22.2;10.8;10.8;9.8;6.87;31.1
NAMORA;-78.339;-7.203;2782;143.7;35.3;240.7;103.4;93;25.5;0;18.2;23.3;91.6;42.5;114.3;0;0.31;27.93
LLAMA;-79.123;-6.515;2079;155.6;469.5;817.2;67.4;146.1;22.5;0;1.7;33.8;36.5;13.2;5.2;0.08;0.09;11.56
HUAMBOS;-78.966;-6.458;2213;80.1;73.6;265.9;57;101.6;50.9;2.2;27.7;62.7;64.6;49.7;16.9;1.05;0.44;20.29
SANTACRUZ;-78.949;-6.627;2039;79.7;49.8;213.6;56.2;74.4;25.5;0.5;25.6;82.3;68.9;30.6;19.4;0.02;0.01;20.63
CONTUMAZA;-78.83;-7.356;2610;136.7;469.8;769.8;61.4;24;13.1;0;6.8;2.6;28.3;10.1;24.1;0;0;1.16
GRANJAPORCON;-78.627;-7.034;2980;156;235.8;367;133.3;147.6;43.9;1.2;49.9;51.7;146.8;37.7;220.4;0;0.01;70.47
BAMBAMARCA;-78.525;-6.678;2577;115;57.4;193.7;83.9;67.4;26.9;0;19.1;44.3;132.7;60.4;48.2;0.06;4.63;65.26
SANJUAN;-78.491;-7.288;2469;268.2;182.9;453.1;150.1;65.6;19.3;0.3;6.2;5.1;116.6;19.4;115.6;0;0.16;23.76
SANMARCOS;-78.169;-7.322;2298;96.1;47.1;171.5;98.3;26.6;9;0;10.6;36.5;138.1;33.2;135.3;0;0.01;20.83
CAJABAMBA;-78.051;-7.627;2612;103.7;145.6;169.3;90.4;141.8;17;0;18.8;26.5;127.3;27.8;226.9;0;1.25;26.49
HUAMACHUCO;-78.051;-7.83;3290;142.3;104.2;213.1;118.3;85.2;23.5;0.2;28.6;28;90.3;39.2;170.5;0;2.23;35.35
LLAPA;-78.83;-7;2900;134.5;194.9;351.4;141.3;60.3;13.7;0.7;20.2;28.1;99.2;64.6;103.1;0;0.05;64.45
MAGDALENA;-78.661;-7.254;1257;71.5;61.4;270.5;55.7;10;2.8;0;1.1;2.4;31.7;7.8;37.4;0;0;7.23
ASUNCION;-78.516;-7.312;2194;268.2;285.1;558.5;145.8;64.5;6.5;0;3.4;7.6;113.8;21.9;101.3;0;0.16;23.76
CHANCAYBANOS;-78.881;-6.576;1575;105;75.4;355.2;99.3;95.9;95.4;0;68.9;69.2;57.2;45.4;25.7;0.38;0.13;32.92
TOCMOCHE;-79.356;-6.407;1450;124.7;540.3;701.8;183.4;75.5;1.8;0;5.8;14.2;11.8;1;0;0;0;28.96
UDIMA;-79.084;-6.813;2377;177.5;212;460.8;77.8;120.9;61.5;0.9;29.4;64.1;60.8;35.8;20.9;0;0;3.42
LIVES;-79.034;-7.085;1800;98.4;282.5;465.1;51.6;18;1.4;0;0.7;9;84.7;5;46.3;0;0;9.16
CHILETE;-78.838;-7.224;859;32.6;82.4;146.3;10.2;0;0;0;0;0;9.7;2.5;20.3;0;0;1.5
CHUGUR;-78.746;-6.678;2701;228.6;334.2;515;200.5;172.7;39.2;0;89.5;78.7;258.3;110.9;187.8;0.02;1.66;56.27
CACHACHI;-78.271;-7.458;3267;148;88.5;306.1;96.3;81.2;34.3;0;19.7;26;120.7;34.8;145.1;0;0;32.4
HUANGACOCHA;-78.068;-7.937;3780;193;162.5;345.4;132.7;118.6;;1.8;19.6;28.5;97.5;37.6;194;0.23;1.72;83.06
HUAMANI;-75.593;-13.847;1060;88.8;10.9;22.9;3.6;0.1;0.2;0;0;0.2;0.1;0;0.1;0;0;0
OLLACHEA;-70.498;-13.804;3420;214.2;228.7;194.2;55.1;39;;16.8;17.2;85.6;42.7;106.4;140.4;0.62;8.31;102.88
PUNO;-70.018;-15.823;3840;311.3;119.7;140.2;45.6;21.7;;;0;62.3;65.3;24.3;31.6;1.22;50.78;19.33
PUQUIO;-74.136;-14.712;2977;350.4;121;227.5;22.6;27.9;9.4;2.8;0;19.6;20.2;0;10.6;5.41;0.19;15.34
CORACORA;-73.784;-15.017;3172;273.2;93.4;124.1;17.2;4.1;0;0.1;0;0.7;1.5;4.4;;9.64;0.57;16.21
PAUZA;-73.356;-15.288;2652;139.8;54.3;117.1;5.4;10.8;1.3;0;0;7.4;4.9;0.4;5.6;5.51;0.39;25.98
CARAVELI;-73.362;-15.771;1779;27.3;16.3;11.9;0;0;0;0;0;0;0;0;0;0;0;0
COTAHUASI;-72.894;-15.211;2675;169.8;75.3;127.5;3.3;3.2;0.5;1.4;0;1.8;6.2;3.1;;16.92;5.44;16.52
CHUQUIBAMBA;-72.649;-15.838;2832;201.2;79.1;131.9;0;2.8;0;0;0;3.3;0.1;0;4.4;0.38;0.01;6.32
PAMPACOLCA;-72.568;-15.714;2950;166.2;61.9;147.3;0.9;7.6;0;0.2;0;1.3;0.2;0;14.5;9.92;0.53;3.78
SIBAYO;-71.453;-15.486;3827;188.5;107.3;176.9;57.4;24.71;1.3;5.7;0;11.1;10.6;30.7;91.3;24.09;29.85;18.49
CHIVAY;-71.597;-15.638;3661;223.2;87.9;106.2;23.8;14;0;2;0;11.4;8.9;21.9;53.1;22.44;29.06;16.37
CHUQUIBAMBILLA;-70.728;-14.796;3910;137.3;107.6;155.1;35.8;32.2;;3.1;0;55.6;42.2;80.1;77;5.18;5.51;20.45
IMATA;-71.088;-15.837;4445;189.2;103.7;131.4;25.6;10.6;0.5;0;0;6.5;3.9;15.7;48;15.04;31.4;20.69
AYAVIRI;-70.593;-14.881;3920;;64.1;124.3;36.1;32.8;0;9.4;0;28.8;41.4;63.8;87.2;5.42;7.48;20.83
PROGRESO;-70.356;-14.695;3905;109.8;79.2;105.6;107;36.1;;;0.4;55.4;46.3;37.7;51.7;6.32;13.09;20.29
LAMPA;-70.373;-15.356;3900;164.3;133.6;175.8;65.2;24.5;0.1;5.1;0.3;50.6;60;77.3;111.3;2.78;33.94;24.21
CABANILLAS;-70.346;-15.639;3890;135.2;105.4;125.9;40.3;12.8;3;3;0;43.9;68.5;79.2;118.9;1.89;52.83;15.36
AZANGARO;-70.191;-14.915;3863;93.2;43;118.6;36.2;33.5;0.4;7.3;0;62.8;33.5;26.4;33;5.59;11.02;18.91
ARAPA;-70.119;-15.136;3920;68.1;105.1;121.8;57.3;31.7;0;12.8;0;69.8;67.4;46.7;67.3;1.33;7.14;22.41
MUNANI;-69.966;-14.779;4119;85.1;54.1;126.3;65.3;24.6;;4.5;3.7;60.4;58.3;66.8;50.2;5.16;5.76;38.46
HUANCANE;-69.763;-15.203;3860;115.2;46;104;49.8;42.9;1.2;7.4;0;93.7;65.2;26.7;44;2.15;9.87;33.9
HUARAYAMOHO;-69.491;-15.39;3890;175;67.6;218.2;88.2;40.3;0;2.5;0;62.3;73.6;41.3;87.6;1.3;42.83;21.77
CAPACHICA;-69.844;-15.616;3819;166.5;86.5;135.2;66;42.2;0;7.5;0;79.4;63.1;33.2;30.1;5.68;36.97;13.58
CABANACONDE;-71.969;-15.619;3379;222.7;93.6;159.8;9.6;5.32;0;0.8;0;5.4;4.7;5.2;45.1;17.1;6.93;5.27
SALAMANCA;-72.834;-15.5;3303;154.4;62.7;179.6;7.9;2.6;0;1.5;0;2;3.4;0;32.6;19.33;1.08;12.39
CRUCEROALTO;-70.917;-15.767;4470;234.9;105.2;209;34.9;9.4;0.7;1.7;0;8.9;8.1;33.8;;10.97;26.97;19.06
LAJOYA;-71.919;-16.593;1292;22.1;0;3.3;0;0;0;0;0;0;0;0;0.1;0;0;0.01
PAMPADEMAJES;-72.211;-16.328;1434;19.6;1.7;5.3;0;0.1;0;0;0;0;0;0;0.3;0;0;0.22
MOQUEGUA;-70.932;-17.169;1450;21.8;3.8;0.9;0.2;0.4;0.1;0;0;0;0;0;0.8;0;0;0
CALANA;-70.186;-17.949;871;0.4;3.6;0;0;0.5;1.8;6.7;2.3;7.3;0.3;3.5;0;0;0;0.01
PUCARA;-70.373;-15.034;3885;76.2;115.2;103.6;50;39.2;;;0;63.7;51.8;76.6;64;3.77;13.27;18.37
TARACO;-69.983;-15.305;3820;60.8;71;82.5;54.6;51.2;;;0;43.2;99.8;21;52.8;2.1;14.4;16.16
ISLASOTO;-69.491;-15.559;3853;191.9;165.9;234.9;101.4;55.9;3.6;6.6;0.4;83.5;39.5;7.9;58.1;5.26;35.36;13.17
ISLATAQUILE;-69.695;-15.779;3815;192.9;108.8;169.8;46.5;46.1;0.4;2.2;0;77.3;81.6;25;70.5;18.35;49.09;12.82
ISLASUANA;-68.864;-16.339;3845;161.9;122.2;187.7;61.3;93.1;0;3.6;0;59.2;34.7;76.9;112.8;8.98;37.7;17.37
LIMBANI;-69.684;-14.127;3183;;212.3;223.5;98.2;100.1;31.2;27.8;53.6;128;66.2;72;;5.86;15.56;57.59
ANANEA;-69.534;-14.679;4660;;98;111.4;81;24.5;2;3.7;9.8;67;54.4;56.7;108.3;19.96;35.32;129.95
APLAO;-72.491;-16.069;645;11;0;0;0;0.1;0;0;0;0.5;0;0;0.1;0;0;0.28
LAPAMPILLA;-71.517;-16.403;2400;103.9;50.6;42.8;0;0.5;0;0;0;0.4;0;0.3;5.2;0;0;0.2
ELFRAYLE;-71.189;-16.155;4119;161.8;62.5;86.1;9.4;5;0;0;0;5.1;0.2;31;22.9;6.09;26.37;8.31
OMATE;-70.983;-16.678;2080;163.9;100.3;71.4;0;0.3;0;0;0;0.1;0;1.2;16.4;0.07;0;0.68
UBINAS;-70.857;-16.383;3491;191.8;86.2;89.1;1.5;2.4;0;0;0;3;0;13.2;14.1;3.84;3.68;1.1
YACANGO;-70.866;-17.094;2091;107.3;45.6;39.6;0;0;0;0;0;0;0;0;4.6;0.01;0;0.35
CHUAPALCA;-69.644;-17.305;4177;130.6;81.1;105.3;22.4;3;0.3;0;0.1;4.4;2;14.4;;3.75;3.23;4.84
YANAQUIHUA;-72.876;-15.777;3007;182.9;65.2;98.1;0.3;2.3;0;0;0;4;0.1;0;;0.01;0;3.16
CANDARAVE;-70.254;-17.271;3435;113.9;68.1;71.8;0;0;0;0;0;0;0;0;31.8;0.96;0.02;7.91
TARATA;-70.034;-17.474;3050;171;94.4;72.6;0;0;0;0;0;0;0;0.1;24;0.3;0.01;3.45
MAZOCRUZ;-69.712;-16.746;3970;208.6;84;101.6;7;13.2;0;3.4;0.4;24;7.2;22.6;58.8;4.97;2.5;13.21
ILAVE;-69.644;-16.085;3850;219.4;123.8;106.5;32.3;57.7;9.1;14.5;0;44.3;24.3;30.8;49.5;6.31;37.98;14.19
JULI;-69.457;-16.203;3825;325.5;194.4;152.3;43.5;35.3;0.1;8;0.1;63.9;26.1;56.6;83.1;4.75;37.41;13.9
DESAGUADERO;-69.04;-16.569;3860;270.4;138.2;141.4;39.7;53.9;0;4.6;0;62.4;44.1;16.6;59.1;5.67;30.28;15.15
LARAQUERI;-70.068;-16.153;3970;277.3;169.1;122.2;37.3;10.5;0;10.6;0;32.4;54.8;14.2;60.3;8.14;16.09;24.01
CRUCERO;-70.024;-14.363;4130;72.5;58.8;95.4;38.2;14.8;0;2.7;0;25.1;38.5;34.4;45.9;7.05;2.84;53.46
HUAC-HUAS;-74.941;-14.132;3180;548.8;354.1;404;11;0.1;0;0;0;0.8;0;0.9;7.6;0;0;0.1
CUSICANCHA;-75.305;-13.491;2657;223.1;144.5;144.2;23.4;9.8;0;0;0.2;1.2;11.4;3.4;11;0.24;0;1.45
TAMBO;-75.271;-13.695;3113;355;138.2;163.6;6.2;4;0;0;0;0.2;18.3;0.1;21.1;0;0;0.02
SANTIAGODECHOCORVOS;-75.254;-13.83;2794;233.3;96.6;200.2;12.4;0.2;0;0;0.1;0.4;0.2;0.2;;0;0;0
VILCASHUAMAN;-73.949;-13.644;3394;259;204.6;121.7;78.5;40.7;4;11.2;0.7;30.8;50.2;55.3;119.7;1.24;85.96;66.08
CHILCAYOC;-73.717;-13.867;3441;246.7;253.6;238;41.7;40.6;2.7;5.2;2.1;51.8;50.1;51.2;94.6;0.43;54;60.48
CHICHAS;-72.917;-15.545;2120;143.9;43.7;91.8;0;0.3;0;0.1;0;2;0;0;13.3;1.67;0;1.38
PULLHUAY;-72.767;-15.15;3113;248.1;185.7;241;60.9;12.2;0;0;0;1.5;12.2;17.6;30.7;10.52;13.75;20.82
ANDAHUA;-72.349;-15.494;3528;151.9;71.4;105.1;6.2;8.3;0.1;1.9;0;4.4;7.8;8.4;40.8;14.41;2.21;20.54
ORCOPAMPA;-72.339;-15.261;3801;265.1;84.4;216.7;26.1;16.4;0.1;2.9;0;7.4;11.6;7.9;40.8;15.47;14.17;20.78
CHACHAS;-72.267;-15.499;3130;138.8;71.7;91.4;12;7.6;0.1;0.8;0.1;3.9;5.9;1.4;45.7;6.62;1.44;2.78
AYO;-72.27;-15.679;1956;51.4;27.4;36.9;6;1;0;0;0;0;1.5;;;1.26;0;0.21
CHOCO;-72.117;-15.567;3192;140.4;78.6;76.1;3.6;1.2;0;0;0;6.5;0.1;0.1;23;10.65;1.8;1.57
HUAMBO;-72.1;-15.734;3500;156;44.6;115;4;3.3;0;0;0;2.9;1.8;0;21.7;0.95;0.04;0.49
MADRIGAL;-71.812;-15.617;3262;243.1;84.6;137.4;11.2;7.4;0;0;0;7.9;13.1;22.8;49.7;19.92;19.74;12.67
TISCO;-71.45;-15.35;4175;253.6;158.8;241.9;50;24.2;0.8;2.1;0.1;20.8;29.5;35.7;;6.33;54.66;28.15
PORPERA;-71.317;-15.35;4152;263.9;129.5;237.7;46.6;26.2;0;5.4;0;22.6;35.6;32.3;79.1;6.33;54.66;28.15
CUYOCUYO;-69.542;-14.474;3494;89.5;107.9;118.6;47;31.8;1.7;2.9;13.2;45.4;28.6;45.2;91.6;11.83;33.75;200.87
PAMPADEARRIEROS;-71.589;-16.063;3715;211;87.6;98;0.2;4.9;0;0;0;0.5;0;1.2;24;3.04;7.06;3.28
PILLONES;-71.217;-15.981;4431;139.1;78;88.2;23.6;10.2;0.1;0.3;0;9.3;0.7;33.7;21.9;12.78;30.86;10.91
LASSALINAS;-71.148;-16.318;4322;200.1;52.6;126.5;2.8;17.2;0;0.6;0;9.5;8;30.9;;4.2;26.73;12.6
QUINISTAQUILLAS;-70.898;-16.779;1590;83;21.7;40.3;0;0;0;0;0;0;0;0.1;9.1;0;0;0.08
CALACOA;-70.683;-16.735;3260;384.4;113.2;189.2;0;2.5;0;0;0;0;0.1;4.1;50.9;0.13;3.29;5.41
PAMPAUMALZO;-70.424;-16.875;4609;151;56.6;86.2;29.4;5.5;0;0;0;7.2;0;6.5;48.6;3.74;14.38;13.37
CAIRANI;-70.339;-17.288;3920;80.5;53.2;41.3;0;0.2;0;0;0;0.1;0;0.3;15.8;0.6;0.17;6.19
SUSAPAYA;-70.133;-17.351;3420;129.3;81.7;81;0;0;0.1;0;0;0.3;0.2;0.2;31.4;0.41;0;7.63
SITAJARA;-70.136;-17.373;3132;119.2;66.6;82.5;0;0.2;0.1;0;0;0.2;0;0.1;25.4;0.18;0;1.23
TALABAYA;-70;-17.559;3420;172.1;89.8;90.6;0;0.1;0.1;0;0;0.5;0.2;0.3;13.9;0.3;0.01;3.45
CAPAZO;-69.746;-17.186;4419;143.1;122;125.9;10.8;3.3;0.1;0;0;5.6;2.7;20.2;35;6.39;2.25;5.78
PAUCARANI;-69.779;-17.525;4556;143.5;81;92.4;4.5;2.3;0;0;0;2;1.1;12.1;54.9;13.51;7.21;18.92
CHACHAPOYAS;-77.867;-6.208;2490;103.4;111.4;145;112.4;47.5;17.5;2.9;76.4;32.6;70.1;66.3;112.3;9.55;10.8;80.76
